M,N,K,tile,tflops,max_err,status,hipblaslt_tflops,ratio_pct
128,1024,1024,hk_128x128x64,12.0,0.0078,PASS,9.1,131.3
128,1024,2048,hk_128x128x64,16.9,0.0156,PASS,21.1,80.1
128,1024,4096,hk_128x128x64,19.3,0.0156,PASS,36.5,52.7
128,1024,8192,hk_128x128x64,17.1,0.0156,PASS,61.4,27.9
128,2048,1024,hk_128x128x64,26.7,0.0078,PASS,22.4,119.0
128,2048,2048,hk_128x128x64,32.8,0.0156,PASS,40.7,80.7
128,2048,4096,hk_128x128x64,39.2,0.0156,PASS,66.8,58.6
128,2048,8192,hk_128x128x64,31.1,0.0156,PASS,111.0,28.0
128,4096,1024,hk_128x128x64,50.9,0.0078,PASS,44.9,113.3
128,4096,2048,hk_128x128x64,67.4,0.0156,PASS,71.4,94.4
128,4096,4096,hk_128x128x64,68.8,0.0156,PASS,116.6,59.0
128,4096,8192,hk_128x128x64,63.0,0.0312,PASS,155.0,40.7
128,8192,1024,hk_128x128x64,112.3,0.0078,PASS,77.8,144.3
128,8192,2048,hk_128x128x64,120.0,0.0156,PASS,120.1,99.9
128,8192,4096,hk_128x128x64,138.9,0.0156,PASS,159.8,86.9
128,8192,8192,hk_128x128x64,118.4,0.0312,PASS,209.5,56.5
256,256,256,hk_128x128x64,3.4,0.0039,PASS,1.5,227.2
256,256,256,hk_256x256x64,1.9,0.0039,PASS,1.5,125.2
256,256,512,hk_128x128x64,5.4,0.0039,PASS,3.0,180.3
256,256,512,hk_256x256x64,2.5,0.0039,PASS,3.0,83.6
256,256,1024,hk_128x128x64,7.4,0.0078,PASS,5.8,126.0
256,256,1024,hk_256x256x64,3.2,0.0078,PASS,5.8,55.0
256,256,2048,hk_128x128x64,8.8,0.0078,PASS,11.3,78.1
256,256,2048,hk_256x256x64,3.7,0.0078,PASS,11.3,32.4
256,256,4096,hk_128x128x64,9.9,0.0156,PASS,22.1,44.6
256,256,4096,hk_256x256x64,3.9,0.0156,PASS,22.1,17.7
256,512,256,hk_128x128x64,6.7,0.0039,PASS,2.9,227.4
256,512,256,hk_256x256x64,3.5,0.0039,PASS,2.9,120.4
256,512,512,hk_128x128x64,9.8,0.0039,PASS,5.7,170.3
256,512,512,hk_256x256x64,5.1,0.0039,PASS,5.7,89.7
256,512,1024,hk_128x128x64,13.8,0.0078,PASS,11.2,123.6
256,512,1024,hk_256x256x64,6.2,0.0078,PASS,11.2,55.3
256,512,2048,hk_128x128x64,17.5,0.0078,PASS,22.7,77.1
256,512,2048,hk_256x256x64,7.3,0.0078,PASS,22.7,32.1
256,512,4096,hk_128x128x64,19.9,0.0156,PASS,38.9,51.1
256,512,4096,hk_256x256x64,7.8,0.0156,PASS,38.9,20.1
256,1024,256,hk_128x128x64,10.8,0.0039,PASS,5.9,183.6
256,1024,256,hk_256x256x64,6.9,0.0039,PASS,5.9,118.0
256,1024,512,hk_128x128x64,20.2,0.0078,PASS,11.5,175.2
256,1024,512,hk_256x256x64,10.0,0.0078,PASS,11.5,86.9
256,1024,1024,hk_128x128x64,28.8,0.0078,PASS,22.7,126.6
256,1024,1024,hk_256x256x64,12.6,0.0078,PASS,22.7,55.6
256,1024,2048,hk_128x128x64,34.7,0.0156,PASS,41.2,84.3
256,1024,2048,hk_256x256x64,14.5,0.0156,PASS,41.2,35.1
256,1024,4096,hk_128x128x64,39.5,0.0156,PASS,68.8,57.4
256,1024,4096,hk_256x256x64,15.5,0.0156,PASS,68.8,22.6
256,1024,8192,hk_128x128x64,31.4,0.0312,PASS,109.4,28.7
256,1024,8192,hk_256x256x64,15.1,0.0312,PASS,109.4,13.8
256,2048,256,hk_128x128x64,26.0,0.0039,PASS,11.8,220.4
256,2048,256,hk_256x256x64,13.2,0.0039,PASS,11.8,111.8
256,2048,512,hk_128x128x64,38.6,0.0078,PASS,23.6,163.7
256,2048,512,hk_256x256x64,19.8,0.0078,PASS,23.6,84.0
256,2048,1024,hk_128x128x64,56.2,0.0078,PASS,44.8,125.3
256,2048,1024,hk_256x256x64,25.0,0.0078,PASS,44.8,55.7
256,2048,2048,hk_128x128x64,68.9,0.0156,PASS,69.3,99.5
256,2048,2048,hk_256x256x64,28.8,0.0156,PASS,69.3,41.5
256,2048,4096,hk_128x128x64,70.7,0.0156,PASS,107.1,66.0
256,2048,4096,hk_256x256x64,30.7,0.0156,PASS,107.1,28.7
256,2048,8192,hk_128x128x64,62.9,0.0312,PASS,161.7,38.9
256,2048,8192,hk_256x256x64,30.1,0.0312,PASS,161.7,18.6
256,4096,256,hk_128x128x64,49.3,0.0039,PASS,23.2,212.6
256,4096,256,hk_256x256x64,28.0,0.0039,PASS,23.2,120.6
256,4096,512,hk_128x128x64,78.8,0.0078,PASS,46.7,168.5
256,4096,512,hk_256x256x64,39.5,0.0078,PASS,46.7,84.5
256,4096,1024,hk_128x128x64,111.3,0.0078,PASS,83.6,133.2
256,4096,1024,hk_256x256x64,48.6,0.0078,PASS,83.6,58.2
256,4096,2048,hk_128x128x64,120.5,0.0156,PASS,124.4,96.9
256,4096,2048,hk_256x256x64,57.0,0.0156,PASS,124.4,45.8
256,4096,4096,hk_128x128x64,135.9,0.0156,PASS,167.3,81.2
256,4096,4096,hk_256x256x64,60.8,0.0156,PASS,167.3,36.3
256,4096,8192,hk_128x128x64,124.4,0.0312,PASS,239.6,51.9
256,4096,8192,hk_256x256x64,60.2,0.0312,PASS,239.6,25.1
256,8192,1024,hk_128x128x64,205.7,0.0078,PASS,135.9,151.3
256,8192,1024,hk_256x256x64,96.3,0.0078,PASS,135.9,70.8
256,8192,2048,hk_128x128x64,224.3,0.0156,PASS,179.9,124.7
256,8192,2048,hk_256x256x64,109.6,0.0156,PASS,179.9,60.9
256,8192,4096,hk_128x128x64,268.3,0.0156,PASS,240.2,111.7
256,8192,4096,hk_256x256x64,114.1,0.0156,PASS,240.2,47.5
256,8192,8192,hk_128x128x64,240.6,0.0312,PASS,295.9,81.3
256,8192,8192,hk_256x256x64,118.6,0.0312,PASS,295.9,40.1
512,256,256,hk_128x128x64,6.2,0.0039,PASS,3.0,208.2
512,256,256,hk_256x256x64,3.4,0.0039,PASS,3.0,115.4
512,256,512,hk_128x128x64,10.4,0.0039,PASS,6.0,173.5
512,256,512,hk_256x256x64,5.1,0.0039,PASS,6.0,85.5
512,256,1024,hk_128x128x64,13.7,0.0078,PASS,11.9,115.1
512,256,1024,hk_256x256x64,6.2,0.0078,PASS,11.9,51.8
512,256,2048,hk_128x128x64,17.5,0.0156,PASS,21.6,80.9
512,256,2048,hk_256x256x64,7.3,0.0156,PASS,21.6,33.8
512,256,4096,hk_128x128x64,19.8,0.0156,PASS,40.8,48.6
512,256,4096,hk_256x256x64,7.8,0.0156,PASS,40.8,19.1
512,512,256,hk_128x128x64,12.8,0.0039,PASS,5.9,218.9
512,512,256,hk_256x256x64,7.1,0.0039,PASS,5.9,121.1
512,512,512,hk_128x128x64,20.0,0.0078,PASS,12.2,164.3
512,512,512,hk_256x256x64,10.1,0.0078,PASS,12.2,82.7
512,512,1024,hk_128x128x64,28.4,0.0078,PASS,23.1,122.8
512,512,1024,hk_256x256x64,12.7,0.0078,PASS,23.1,55.2
512,512,2048,hk_128x128x64,35.3,0.0156,PASS,43.2,81.7
512,512,2048,hk_256x256x64,14.5,0.0156,PASS,43.2,33.5
512,512,4096,hk_128x128x64,39.5,0.0156,PASS,72.5,54.5
512,512,4096,hk_256x256x64,15.5,0.0156,PASS,72.5,21.4
512,1024,256,hk_128x128x64,24.6,0.0039,PASS,12.1,204.0
512,1024,256,hk_256x256x64,13.1,0.0039,PASS,12.1,108.7
512,1024,512,hk_128x128x64,41.6,0.0078,PASS,23.1,180.0
512,1024,512,hk_256x256x64,19.3,0.0078,PASS,23.1,83.4
512,1024,1024,hk_128x128x64,53.6,0.0078,PASS,44.1,121.6
512,1024,1024,hk_256x256x64,25.0,0.0078,PASS,44.1,56.7
512,1024,2048,hk_128x128x64,69.9,0.0156,PASS,71.2,98.2
512,1024,2048,hk_256x256x64,28.9,0.0156,PASS,71.2,40.7
512,1024,4096,hk_128x128x64,70.3,0.0156,PASS,111.7,62.9
512,1024,4096,hk_256x256x64,30.9,0.0156,PASS,111.7,27.6
512,1024,8192,hk_128x128x64,63.2,0.0312,PASS,169.1,37.4
512,1024,8192,hk_256x256x64,30.1,0.0312,PASS,169.1,17.8
512,2048,256,hk_128x128x64,51.4,0.0039,PASS,22.2,231.6
512,2048,256,hk_256x256x64,27.5,0.0039,PASS,22.2,123.8
512,2048,512,hk_128x128x64,80.8,0.0078,PASS,43.8,184.2
512,2048,512,hk_256x256x64,39.3,0.0078,PASS,43.8,89.6
512,2048,1024,hk_128x128x64,110.0,0.0078,PASS,80.1,137.3
512,2048,1024,hk_256x256x64,48.9,0.0078,PASS,80.1,61.1
512,2048,2048,hk_128x128x64,116.8,0.0156,PASS,124.4,93.9
512,2048,2048,hk_256x256x64,57.5,0.0156,PASS,124.4,46.2
512,2048,4096,hk_128x128x64,139.9,0.0156,PASS,165.8,84.4
512,2048,4096,hk_256x256x64,61.4,0.0156,PASS,165.8,37.1
512,2048,8192,hk_128x128x64,121.4,0.0312,PASS,231.4,52.5
512,2048,8192,hk_256x256x64,60.4,0.0312,PASS,231.4,26.1
512,4096,256,hk_128x128x64,93.1,0.0039,PASS,46.1,201.9
512,4096,256,hk_256x256x64,54.3,0.0039,PASS,46.1,117.6
512,4096,512,hk_128x128x64,151.6,0.0078,PASS,84.8,178.8
512,4096,512,hk_256x256x64,77.1,0.0078,PASS,84.8,90.9
512,4096,1024,hk_128x128x64,213.1,0.0078,PASS,135.1,157.8
512,4096,1024,hk_256x256x64,96.5,0.0078,PASS,135.1,71.4
512,4096,2048,hk_128x128x64,253.2,0.0156,PASS,188.1,134.6
512,4096,2048,hk_256x256x64,109.8,0.0156,PASS,188.1,58.4
512,4096,4096,hk_128x128x64,268.8,0.0156,PASS,247.2,108.8
512,4096,4096,hk_256x256x64,115.0,0.0156,PASS,247.2,46.5
512,4096,8192,hk_128x128x64,235.4,0.0312,PASS,303.8,77.5
512,4096,8192,hk_256x256x64,118.3,0.0312,PASS,303.8,39.0
512,8192,1024,hk_128x128x64,301.1,0.0078,PASS,211.5,142.4
512,8192,1024,hk_256x256x64,184.1,0.0078,PASS,211.5,87.1
512,8192,2048,hk_128x128x64,317.4,0.0156,PASS,274.6,115.6
512,8192,2048,hk_256x256x64,210.5,0.0156,PASS,274.6,76.7
512,8192,4096,hk_128x128x64,383.7,0.0156,PASS,342.0,112.2
512,8192,4096,hk_256x256x64,208.9,0.0156,PASS,342.0,61.1
512,8192,8192,hk_128x128x64,421.8,0.0312,PASS,397.9,106.0
512,8192,8192,hk_256x256x64,216.4,0.0312,PASS,397.9,54.4
1024,256,256,hk_128x128x64,13.1,0.0039,PASS,5.9,221.8
1024,256,256,hk_256x256x64,6.5,0.0039,PASS,5.9,109.8
1024,256,512,hk_128x128x64,21.7,0.0078,PASS,11.9,182.6
1024,256,512,hk_256x256x64,9.8,0.0078,PASS,11.9,82.6
1024,256,1024,hk_128x128x64,28.2,0.0078,PASS,23.9,117.9
1024,256,1024,hk_256x256x64,12.8,0.0078,PASS,23.9,53.6
1024,256,2048,hk_128x128x64,34.2,0.0156,PASS,41.8,81.7
1024,256,2048,hk_256x256x64,14.3,0.0156,PASS,41.8,34.3
1024,256,4096,hk_128x128x64,38.3,0.0156,PASS,72.2,53.1
1024,256,4096,hk_256x256x64,15.5,0.0156,PASS,72.2,21.5
1024,512,256,hk_128x128x64,26.4,0.0039,PASS,12.2,217.4
1024,512,256,hk_256x256x64,14.4,0.0039,PASS,12.2,118.6
1024,512,512,hk_128x128x64,41.3,0.0039,PASS,23.5,175.9
1024,512,512,hk_256x256x64,19.9,0.0039,PASS,23.5,84.8
1024,512,1024,hk_128x128x64,55.8,0.0078,PASS,44.2,126.2
1024,512,1024,hk_256x256x64,24.7,0.0078,PASS,44.2,55.8
1024,512,2048,hk_128x128x64,65.9,0.0078,PASS,77.2,85.3
1024,512,2048,hk_256x256x64,28.8,0.0078,PASS,77.2,37.3
1024,512,4096,hk_128x128x64,73.6,0.0156,PASS,121.9,60.4
1024,512,4096,hk_256x256x64,31.1,0.0156,PASS,121.9,25.6
1024,1024,256,hk_128x128x64,52.1,0.0039,PASS,22.5,231.9
1024,1024,256,hk_256x256x64,26.9,0.0039,PASS,22.5,119.4
1024,1024,512,hk_128x128x64,67.9,0.0078,PASS,45.9,147.9
1024,1024,512,hk_256x256x64,39.1,0.0078,PASS,45.9,85.2
1024,1024,1024,hk_128x128x64,108.1,0.0078,PASS,71.3,151.6
1024,1024,1024,hk_256x256x64,48.0,0.0078,PASS,71.3,67.3
1024,1024,2048,hk_128x128x64,133.7,0.0156,PASS,122.7,109.0
1024,1024,2048,hk_256x256x64,57.2,0.0156,PASS,122.7,46.6
1024,1024,4096,hk_128x128x64,139.7,0.0156,PASS,176.6,79.1
1024,1024,4096,hk_256x256x64,60.7,0.0156,PASS,176.6,34.4
1024,1024,8192,hk_128x128x64,122.1,0.0312,PASS,235.1,51.9
1024,1024,8192,hk_256x256x64,60.3,0.0312,PASS,235.1,25.7
1024,2048,256,hk_128x128x64,94.2,0.0039,PASS,43.7,215.6
1024,2048,256,hk_256x256x64,54.3,0.0039,PASS,43.7,124.3
1024,2048,512,hk_128x128x64,146.9,0.0078,PASS,86.3,170.2
1024,2048,512,hk_256x256x64,74.4,0.0078,PASS,86.3,86.1
1024,2048,1024,hk_128x128x64,204.0,0.0078,PASS,136.0,150.0
1024,2048,1024,hk_256x256x64,98.0,0.0078,PASS,136.0,72.0
1024,2048,2048,hk_128x128x64,253.1,0.0156,PASS,185.7,136.3
1024,2048,2048,hk_256x256x64,111.7,0.0156,PASS,185.7,60.2
1024,2048,4096,hk_128x128x64,264.0,0.0156,PASS,249.9,105.7
1024,2048,4096,hk_256x256x64,114.9,0.0156,PASS,249.9,46.0
1024,2048,8192,hk_128x128x64,250.2,0.0312,PASS,291.7,85.8
1024,2048,8192,hk_256x256x64,116.7,0.0312,PASS,291.7,40.0
1024,4096,256,hk_128x128x64,162.0,0.0039,PASS,86.4,187.5
1024,4096,256,hk_256x256x64,97.8,0.0039,PASS,86.4,113.2
1024,4096,512,hk_128x128x64,228.9,0.0078,PASS,143.4,159.7
1024,4096,512,hk_256x256x64,145.6,0.0078,PASS,143.4,101.6
1024,4096,1024,hk_128x128x64,293.3,0.0156,PASS,209.4,140.0
1024,4096,1024,hk_256x256x64,180.8,0.0156,PASS,209.4,86.3
1024,4096,2048,hk_128x128x64,315.0,0.0156,PASS,258.2,122.0
1024,4096,2048,hk_256x256x64,207.8,0.0156,PASS,258.2,80.5
1024,4096,4096,hk_128x128x64,364.6,0.0156,PASS,346.4,105.3
1024,4096,4096,hk_256x256x64,203.1,0.0156,PASS,346.4,58.6
1024,4096,8192,hk_128x128x64,395.5,0.0312,PASS,390.1,101.4
1024,4096,8192,hk_256x256x64,207.8,0.0312,PASS,390.1,53.3
1024,8192,1024,hk_128x128x64,308.5,0.0078,PASS,275.9,111.8
1024,8192,1024,hk_256x256x64,309.0,0.0078,PASS,275.9,112.0
1024,8192,2048,hk_128x128x64,353.5,0.0156,PASS,373.2,94.7
1024,8192,2048,hk_256x256x64,347.6,0.0156,PASS,373.2,93.2
1024,8192,4096,hk_128x128x64,408.9,0.0156,PASS,438.7,93.2
1024,8192,4096,hk_256x256x64,351.6,0.0156,PASS,438.7,80.1
1024,8192,8192,hk_128x128x64,370.9,0.0312,PASS,526.2,70.5
1024,8192,8192,hk_256x256x64,404.2,0.0312,PASS,526.2,76.8
1536,1536,1536,hk_128x128x64,168.8,0.0078,PASS,188.5,89.6
1536,1536,1536,hk_192x192x64,153.9,0.0078,PASS,188.5,81.6
1536,1536,1536,hk_256x256x64,112.6,0.0078,PASS,188.5,59.7
2048,256,256,hk_128x128x64,25.0,0.0039,PASS,11.4,219.7
2048,256,256,hk_256x256x64,14.0,0.0039,PASS,11.4,123.0
2048,256,512,hk_128x128x64,40.3,0.0078,PASS,23.9,169.0
2048,256,512,hk_256x256x64,19.5,0.0078,PASS,23.9,81.7
2048,256,1024,hk_128x128x64,56.3,0.0078,PASS,45.4,124.1
2048,256,1024,hk_256x256x64,24.8,0.0078,PASS,45.4,54.6
2048,256,2048,hk_128x128x64,68.6,0.0156,PASS,77.5,88.5
2048,256,2048,hk_256x256x64,28.8,0.0156,PASS,77.5,37.2
2048,256,4096,hk_128x128x64,71.2,0.0156,PASS,111.5,63.9
2048,256,4096,hk_256x256x64,30.9,0.0156,PASS,111.5,27.7
2048,512,256,hk_128x128x64,48.9,0.0039,PASS,23.9,204.8
2048,512,256,hk_256x256x64,27.7,0.0039,PASS,23.9,115.8
2048,512,512,hk_128x128x64,75.3,0.0078,PASS,47.3,159.4
2048,512,512,hk_256x256x64,39.3,0.0078,PASS,47.3,83.3
2048,512,1024,hk_128x128x64,111.5,0.0078,PASS,78.0,143.0
2048,512,1024,hk_256x256x64,49.9,0.0078,PASS,78.0,64.0
2048,512,2048,hk_128x128x64,138.3,0.0156,PASS,127.1,108.8
2048,512,2048,hk_256x256x64,57.3,0.0156,PASS,127.1,45.1
2048,512,4096,hk_128x128x64,140.3,0.0156,PASS,181.5,77.3
2048,512,4096,hk_256x256x64,61.3,0.0156,PASS,181.5,33.7
2048,1024,256,hk_128x128x64,99.3,0.0039,PASS,46.2,215.2
2048,1024,256,hk_256x256x64,55.0,0.0039,PASS,46.2,119.2
2048,1024,512,hk_128x128x64,149.1,0.0078,PASS,87.7,170.1
2048,1024,512,hk_256x256x64,79.3,0.0078,PASS,87.7,90.4
2048,1024,1024,hk_128x128x64,212.5,0.0078,PASS,136.7,155.4
2048,1024,1024,hk_256x256x64,98.5,0.0078,PASS,136.7,72.1
2048,1024,2048,hk_128x128x64,254.3,0.0156,PASS,186.8,136.1
2048,1024,2048,hk_256x256x64,112.4,0.0156,PASS,186.8,60.2
2048,1024,4096,hk_128x128x64,263.2,0.0156,PASS,234.7,112.2
2048,1024,4096,hk_256x256x64,110.9,0.0156,PASS,234.7,47.2
2048,2048,256,hk_128x128x64,150.5,0.0039,PASS,87.6,171.7
2048,2048,256,hk_256x256x64,101.5,0.0039,PASS,87.6,115.8
2048,2048,512,hk_128x128x64,223.0,0.0078,PASS,144.7,154.1
2048,2048,512,hk_256x256x64,145.8,0.0078,PASS,144.7,100.8
2048,2048,1024,hk_128x128x64,284.1,0.0078,PASS,207.8,136.7
2048,2048,1024,hk_256x256x64,188.2,0.0078,PASS,207.8,90.6
2048,2048,2048,hk_128x128x64,309.6,0.0156,PASS,264.0,117.3
2048,2048,2048,hk_256x256x64,199.6,0.0156,PASS,264.0,75.6
2048,2048,4096,hk_128x128x64,360.2,0.0156,PASS,334.2,107.8
2048,2048,4096,hk_256x256x64,195.3,0.0156,PASS,334.2,58.4
2048,2048,8192,hk_128x128x64,414.2,0.0312,PASS,374.7,110.5
2048,2048,8192,hk_256x256x64,213.1,0.0312,PASS,374.7,56.9
2048,4096,256,hk_128x128x64,180.2,0.0039,PASS,132.8,135.7
2048,4096,256,hk_256x256x64,177.1,0.0039,PASS,132.8,133.3
2048,4096,512,hk_128x128x64,251.3,0.0078,PASS,201.8,124.5
2048,4096,512,hk_256x256x64,254.7,0.0078,PASS,201.8,126.2
2048,4096,1024,hk_128x128x64,309.4,0.0078,PASS,281.2,110.0
2048,4096,1024,hk_256x256x64,314.2,0.0078,PASS,281.2,111.7
2048,4096,2048,hk_128x128x64,355.0,0.0156,PASS,364.4,97.4
2048,4096,2048,hk_256x256x64,341.7,0.0156,PASS,364.4,93.8
2048,4096,4096,hk_128x128x64,390.7,0.0156,PASS,458.1,85.3
2048,4096,4096,hk_256x256x64,354.9,0.0156,PASS,458.1,77.5
2048,4096,8192,hk_128x128x64,386.9,0.0312,PASS,512.7,75.5
2048,4096,8192,hk_256x256x64,397.0,0.0312,PASS,512.7,77.4
2048,8192,1024,hk_128x128x64,347.8,0.0078,PASS,393.8,88.3
2048,8192,1024,hk_256x256x64,441.1,0.0078,PASS,393.8,112.0
2048,8192,2048,hk_128x128x64,383.7,0.0156,PASS,489.4,78.4
2048,8192,2048,hk_256x256x64,562.1,0.0156,PASS,489.4,114.8
2048,8192,4096,hk_128x128x64,401.0,0.0156,PASS,621.1,64.6
2048,8192,4096,hk_256x256x64,624.5,0.0156,PASS,621.1,100.5
2048,8192,8192,hk_128x128x64,387.9,0.0312,PASS,634.5,61.1
2048,8192,8192,hk_256x256x64,593.1,0.0312,PASS,634.5,93.5
2560,2560,2560,hk_128x128x64,243.7,0.0156,PASS,376.7,64.7
2560,2560,2560,hk_256x256x64,265.8,0.0156,PASS,376.7,70.6
3072,3072,3072,hk_128x128x64,374.0,0.0156,PASS,390.3,95.8
3072,3072,3072,hk_192x192x64,525.6,0.0156,PASS,390.3,134.7
3072,3072,3072,hk_256x256x64,346.1,0.0156,PASS,390.3,88.7
3584,3584,3584,hk_128x128x64,352.5,0.0156,PASS,499.4,70.6
3584,3584,3584,hk_256x256x64,467.9,0.0156,PASS,499.4,93.7
4096,256,256,hk_128x128x64,41.7,0.0039,PASS,22.6,184.5
4096,256,256,hk_256x256x64,21.3,0.0039,PASS,22.6,94.3
4096,256,512,hk_128x128x64,72.8,0.0078,PASS,45.0,161.8
4096,256,512,hk_256x256x64,34.3,0.0078,PASS,45.0,76.2
4096,256,1024,hk_128x128x64,101.7,0.0078,PASS,83.3,122.0
4096,256,1024,hk_256x256x64,48.8,0.0078,PASS,83.3,58.5
4096,256,2048,hk_128x128x64,120.3,0.0156,PASS,131.7,91.3
4096,256,2048,hk_256x256x64,56.5,0.0156,PASS,131.7,42.9
4096,256,4096,hk_128x128x64,139.7,0.0156,PASS,174.9,79.9
4096,256,4096,hk_256x256x64,61.6,0.0156,PASS,174.9,35.2
4096,512,256,hk_128x128x64,93.3,0.0039,PASS,45.6,204.6
4096,512,256,hk_256x256x64,55.0,0.0039,PASS,45.6,120.7
4096,512,512,hk_128x128x64,142.3,0.0078,PASS,85.6,166.2
4096,512,512,hk_256x256x64,78.2,0.0078,PASS,85.6,91.3
4096,512,1024,hk_128x128x64,206.7,0.0078,PASS,137.4,150.4
4096,512,1024,hk_256x256x64,98.7,0.0078,PASS,137.4,71.8
4096,512,2048,hk_128x128x64,247.5,0.0156,PASS,193.7,127.8
4096,512,2048,hk_256x256x64,110.5,0.0156,PASS,193.7,57.1
4096,512,4096,hk_128x128x64,263.4,0.0156,PASS,249.9,105.4
4096,512,4096,hk_256x256x64,106.6,0.0156,PASS,249.9,42.7
4096,1024,256,hk_128x128x64,167.5,0.0039,PASS,84.2,199.0
4096,1024,256,hk_256x256x64,98.5,0.0039,PASS,84.2,117.0
4096,1024,512,hk_128x128x64,249.4,0.0078,PASS,144.6,172.4
4096,1024,512,hk_256x256x64,146.6,0.0078,PASS,144.6,101.4
4096,1024,1024,hk_128x128x64,285.9,0.0078,PASS,207.7,137.7
4096,1024,1024,hk_256x256x64,187.2,0.0078,PASS,207.7,90.1
4096,1024,2048,hk_128x128x64,303.2,0.0156,PASS,263.5,115.1
4096,1024,2048,hk_256x256x64,213.1,0.0156,PASS,263.5,80.9
4096,1024,4096,hk_128x128x64,364.7,0.0156,PASS,337.5,108.1
4096,1024,4096,hk_256x256x64,204.4,0.0156,PASS,337.5,60.6
4096,2048,256,hk_128x128x64,183.2,0.0039,PASS,133.2,137.6
4096,2048,256,hk_256x256x64,179.9,0.0039,PASS,133.2,135.1
4096,2048,512,hk_128x128x64,250.5,0.0078,PASS,204.0,122.8
4096,2048,512,hk_256x256x64,243.8,0.0078,PASS,204.0,119.5
4096,2048,1024,hk_128x128x64,299.4,0.0078,PASS,285.1,105.0
4096,2048,1024,hk_256x256x64,304.7,0.0078,PASS,285.1,106.9
4096,2048,2048,hk_128x128x64,355.7,0.0156,PASS,360.5,98.7
4096,2048,2048,hk_256x256x64,349.0,0.0156,PASS,360.5,96.8
4096,2048,4096,hk_128x128x64,384.5,0.0156,PASS,456.8,84.2
4096,2048,4096,hk_256x256x64,353.0,0.0156,PASS,456.8,77.3
4096,4096,256,hk_128x128x64,205.2,0.0039,PASS,204.4,100.4
4096,4096,256,hk_256x256x64,241.5,0.0039,PASS,204.4,118.2
4096,4096,512,hk_128x128x64,278.0,0.0078,PASS,288.7,96.3
4096,4096,512,hk_256x256x64,331.7,0.0078,PASS,288.7,114.9
4096,4096,1024,hk_128x128x64,338.8,0.0078,PASS,391.7,86.5
4096,4096,1024,hk_256x256x64,454.5,0.0078,PASS,391.7,116.0
4096,4096,2048,hk_128x128x64,381.0,0.0156,PASS,493.0,77.3
4096,4096,2048,hk_256x256x64,560.3,0.0156,PASS,493.0,113.7
4096,4096,4096,hk_128x128x64,387.5,0.0156,PASS,606.9,63.9
4096,4096,4096,hk_256x256x64,620.0,0.0156,PASS,606.9,102.1
4608,4608,4608,hk_128x128x64,334.8,0.0156,PASS,628.4,53.3
4608,4608,4608,hk_192x192x64,539.5,0.0156,PASS,628.4,85.9
4608,4608,4608,hk_256x256x64,389.4,0.0156,PASS,628.4,62.0
5120,5120,5120,hk_128x128x64,345.1,0.0312,PASS,610.9,56.5
5120,5120,5120,hk_256x256x64,484.4,0.0312,PASS,610.9,79.3
5632,5632,5632,hk_128x128x64,357.3,0.0312,PASS,565.4,63.2
5632,5632,5632,hk_256x256x64,544.3,0.0312,PASS,565.4,96.3
6144,6144,6144,hk_128x128x64,385.4,0.0312,PASS,590.2,65.3
6144,6144,6144,hk_192x192x64,518.0,0.0312,PASS,590.2,87.8
6144,6144,6144,hk_256x256x64,576.7,0.0312,PASS,590.2,97.7
6656,6656,6656,hk_128x128x64,397.1,0.0312,PASS,559.5,71.0
6656,6656,6656,hk_256x256x64,532.7,0.0312,PASS,559.5,95.2
7168,7168,7168,hk_128x128x64,364.1,0.0312,PASS,573.4,63.5
7168,7168,7168,hk_256x256x64,579.8,0.0312,PASS,573.4,101.1
7680,7680,7680,hk_128x128x64,368.8,0.0312,PASS,582.5,63.3
7680,7680,7680,hk_192x192x64,516.3,0.0312,PASS,582.5,88.6
7680,7680,7680,hk_256x256x64,591.1,0.0312,PASS,582.5,101.5
8192,8192,8192,hk_128x128x64,416.4,0.0312,PASS,568.3,73.3
8192,8192,8192,hk_256x256x64,573.5,0.0312,PASS,568.3,100.9
